<?xml version="1.0" encoding="UTF-8"?>
<project-private xmlns="http://www.netbeans.org/ns/project-private/1">
    <editor-bookmarks xmlns="http://www.netbeans.org/ns/editor-bookmarks/2" lastBookmarkId="0"/>
    <open-files xmlns="http://www.netbeans.org/ns/projectui-open-files/2">
        <group>
            <file>file:/C:/Users/admin/Documents/NetBeansProjects/librarymodel/src/librarymodel/Student.java</file>
            <file>file:/C:/Users/admin/Documents/NetBeansProjects/librarymodel/src/librarymodel/Librarian.java</file>
            <file>file:/C:/Users/admin/Documents/NetBeansProjects/librarymodel/src/librarymodel/User.java</file>
            <file>file:/C:/Users/admin/Documents/NetBeansProjects/librarymodel/src/librarymodelservice/LibraryService.java</file>
            <file>file:/C:/Users/admin/Documents/NetBeansProjects/librarymodel/src/librarymodel/Book.java</file>
            <file>file:/C:/Users/admin/Documents/NetBeansProjects/librarymodel/src/librarymodel/IBorrowable.java</file>
            <file>file:/C:/Users/admin/Documents/NetBeansProjects/librarymodel/src/librarymodel/BorrowRecord.java</file>
            <file>file:/C:/Users/admin/Documents/NetBeansProjects/librarymodel/src/librarymodel/LibraryManager.java</file>
            <file>file:/C:/Users/admin/Documents/NetBeansProjects/librarymodel/src/librarymodelservice/MainApp.java</file>
        </group>
    </open-files>
</project-private>
